session_id,pages_visited,time_on_site,cart_value,abandoned
SID1,39,566,1249.43,0
SID2,29,330,3530.25,0
SID3,15,272,2143.73,0
SID4,43,151,2218.3,0
SID5,8,176,3250.12,1
SID6,21,596,4682.04,0
SID7,39,385,329.39,0
SID8,19,338,4125.47,1
SID9,23,317,1468.99,0
SID10,11,336,2225.16,1
SID11,11,578,119.35,1
SID12,24,381,1512.22,0
SID13,36,341,2518.13,0
SID14,40,88,290.32,0
SID15,24,64,2460.57,1
SID16,3,474,4636.28,1
SID17,22,122,535.91,0
SID18,2,236,3824.56,1
SID19,24,382,2054.26,0
SID20,44,361,3279.32,0
SID21,30,188,1308.58,0
SID22,38,53,805.87,1
SID23,2,433,810.71,1
SID24,21,545,361.75,0
SID25,33,393,936.38,0
SID26,12,411,3324.45,0
SID27,22,561,4409.64,0
SID28,44,181,4072.49,0
SID29,25,591,3428.82,0
SID30,49,449,561.05,0
SID31,27,279,1453.05,0
SID32,42,146,1555.94,0
SID33,28,541,1257.29,0
SID34,16,364,2579.88,0
SID35,15,447,2682.41,0
SID36,47,324,1790.86,0
SID37,44,400,1775.41,0
SID38,3,215,4144.49,1
SID39,37,275,3948.57,0
SID40,7,297,1545.9,1
SID41,21,266,4569.8,1
SID42,9,559,4764.55,1
SID43,39,581,1640.45,0
SID44,18,50,1778.58,0
SID45,4,549,2533.11,1
SID46,25,129,4706.19,1
SID47,14,507,4382.83,1
SID48,9,327,521.81,0
SID49,26,555,1969.73,0
SID50,2,363,2771.32,1
SID51,20,31,2520.63,1
SID52,28,404,977.38,0
SID53,47,322,4295.5,0
SID54,7,582,3387.93,0
SID55,44,347,4191.16,0
SID56,8,531,4295.23,1
SID57,47,410,3744.3,0
SID58,35,43,2201.66,0
SID59,14,533,3056.63,0
SID60,17,260,810.22,0
SID61,36,113,3371.49,0
SID62,40,159,904.47,0
SID63,4,174,3472.81,1
SID64,2,57,1155.69,1
SID65,6,95,596.58,0
SID66,42,192,834.77,0
SID67,4,258,19.94,0
SID68,29,290,3596.51,0
SID69,18,478,3664.68,1
SID70,26,453,2579.52,0
SID71,44,489,815.2,0
SID72,34,330,426.94,0
SID73,10,332,105.45,0
SID74,36,316,837.08,0
SID75,14,424,4455.37,1
SID76,31,39,1215.27,0
SID77,48,299,1777.81,0
SID78,15,390,535.67,0
SID79,8,286,1119.58,0
SID80,14,162,2600.93,0
SID81,23,305,3042.69,0
SID82,40,542,1234.31,0
SID83,21,342,298.08,0
SID84,16,313,1961.25,0
SID85,45,150,1178.67,1
SID86,18,136,1105.57,0
SID87,47,233,4799.72,0
SID88,24,194,3085.34,1
SID89,26,334,2788.82,0
SID90,25,526,2084.72,0
SID91,45,585,2150.43,0
SID92,41,185,2709.12,0
SID93,29,396,3485.18,0
SID94,15,280,3513.71,1
SID95,45,363,866.75,0
SID96,1,540,2505.56,1
SID97,25,322,2065.67,0
SID98,7,49,4353.93,1
SID99,9,311,3160.78,1
SID100,24,30,2667.2,1
SID101,1,148,585.82,1
SID102,44,64,3032.13,0
SID103,8,227,594.85,0
SID104,24,514,1692.66,0
SID105,11,88,722.78,0
SID106,17,190,3463.45,0
SID107,8,235,1039.2,0
SID108,35,41,1965.38,0
SID109,35,519,4479.42,0
SID110,33,305,1029.54,0
SID111,5,271,2543.95,1
SID112,42,245,2102.17,0
SID113,39,280,100.44,1
SID114,41,155,3965.86,0
SID115,28,246,354.54,0
SID116,7,335,2376.53,1
SID117,9,214,2807.78,1
SID118,8,68,3145.85,1
SID119,12,252,3446.27,1
SID120,34,213,1273.83,0
SID121,33,524,59.79,0
SID122,48,456,3619.98,0
SID123,23,207,2682.93,0
SID124,24,457,4182.23,0
SID125,37,323,4108.73,0
SID126,35,180,4218.2,0
SID127,44,413,2430.62,0
SID128,40,337,1674.81,0
SID129,22,365,3959.88,0
SID130,27,404,2261.96,0
SID131,35,37,925.38,0
SID132,1,370,4276.32,1
SID133,35,158,4413.97,0
SID134,37,381,2336.89,0
SID135,47,387,387.74,0
SID136,14,546,1945.25,0
SID137,3,524,4019.65,0
SID138,1,115,4509.85,1
SID139,5,204,1025.33,1
SID140,26,222,344.2,0
SID141,14,340,4387.98,1
SID142,39,148,1953.13,1
SID143,27,247,2713.39,1
SID144,9,456,4840.65,1
SID145,15,443,342.16,0
SID146,15,143,3245.11,1
SID147,26,174,379.79,0
SID148,42,567,1883.59,0
SID149,13,332,4021.03,0
SID150,32,374,2173.03,0
SID151,39,30,4985.94,0
SID152,49,176,2799.71,0
SID153,32,316,1612.6,0
SID154,4,82,1108.36,1
SID155,30,333,1759.1,0
SID156,37,98,1868.94,0
SID157,23,390,352.88,0
SID158,39,249,1854.18,0
SID159,45,190,2326.55,0
SID160,15,118,3616.46,1
SID161,43,188,3287.08,0
SID162,29,518,3546.74,0
SID163,36,353,51.73,0
SID164,13,410,1096.16,0
SID165,32,131,3311.8,1
SID166,7,523,2425.11,0
SID167,22,48,36.51,0
SID168,28,483,4024.43,0
SID169,2,511,3866.32,1
SID170,42,426,2746.61,0
SID171,45,308,341.65,0
SID172,6,394,3834.91,1
SID173,28,360,2922.73,0
SID174,28,373,3911.98,1
SID175,44,484,3761.22,0
SID176,44,94,4016.98,0
SID177,20,105,2594.86,1
SID178,30,172,710.22,0
SID179,11,502,3359.08,0
SID180,28,446,3106.16,0
SID181,25,334,3713.84,0
SID182,39,526,857.71,0
SID183,33,320,982.93,0
SID184,1,131,4453.14,1
SID185,27,296,3752.39,0
SID186,13,32,4542.06,1
SID187,41,114,3795.99,0
SID188,3,357,2989.8,1
SID189,39,479,3274.12,1
SID190,6,483,4446.75,1
SID191,8,250,2898.25,1
SID192,27,183,3165.63,0
SID193,9,41,790.82,0
SID194,37,162,2374.87,0
SID195,33,333,3584.82,0
SID196,42,322,1362.0,1
SID197,44,329,1019.25,0
SID198,24,72,1576.0,0
SID199,15,372,1215.09,0
SID200,32,355,1082.41,0
SID201,32,527,2130.01,0
SID202,24,393,4540.11,0
SID203,41,456,2540.23,0
SID204,49,50,947.72,0
SID205,49,436,394.09,0
SID206,12,365,3483.82,0
SID207,39,146,1920.17,0
SID208,2,153,4110.94,1
SID209,3,428,3300.96,1
SID210,49,80,3983.24,0
SID211,37,353,1367.01,0
SID212,49,170,3464.87,0
SID213,17,499,1327.67,0
SID214,49,363,4695.95,0
SID215,2,402,3185.51,1
SID216,2,593,1629.31,1
SID217,28,523,1354.86,0
SID218,23,568,962.72,0
SID219,37,185,3476.26,0
SID220,32,320,1101.39,0
SID221,33,173,2980.56,0
SID222,1,135,1330.53,1
SID223,19,449,3313.23,0
SID224,2,31,4076.55,1
SID225,44,119,3892.35,0
SID226,26,374,3806.65,0
SID227,32,379,946.73,0
SID228,6,488,451.04,0
SID229,32,292,3497.75,0
SID230,4,380,1848.05,0
SID231,11,137,2167.41,1
SID232,17,68,165.43,0
SID233,38,188,1305.29,1
SID234,24,341,178.05,0
SID235,5,270,4397.14,1
SID236,34,474,1224.55,0
SID237,6,327,2791.11,1
SID238,22,65,204.51,0
SID239,11,113,3337.57,1
SID240,48,481,1621.91,0
SID241,16,414,4490.62,0
SID242,33,201,4441.71,0
SID243,9,405,1633.2,0
SID244,6,391,4505.79,1
SID245,16,588,4980.83,0
SID246,29,170,4128.82,0
SID247,3,147,4225.91,1
SID248,20,306,1252.55,0
SID249,36,249,2887.74,0
SID250,19,55,345.61,0
SID251,26,550,483.64,0
SID252,3,39,4994.47,1
SID253,19,407,1639.93,0
SID254,20,181,3743.44,0
SID255,32,78,4035.26,1
SID256,7,183,4291.54,1
SID257,41,322,4988.17,0
SID258,33,79,1215.07,0
SID259,40,560,211.35,0
SID260,39,89,2061.85,0
SID261,18,196,659.1,0
SID262,40,231,121.91,0
SID263,1,175,1808.53,0
SID264,11,468,3920.85,1
SID265,28,271,2835.24,0
SID266,25,590,1570.76,0
SID267,23,512,3275.17,0
SID268,31,137,1167.77,0
SID269,30,255,81.76,0
SID270,42,461,3824.12,0
SID271,35,448,3122.48,0
SID272,7,484,3813.89,1
SID273,16,189,204.3,0
SID274,26,552,4187.23,0
SID275,48,106,3101.44,0
SID276,49,538,2821.34,0
SID277,2,470,3126.82,1
SID278,1,283,4323.52,1
SID279,48,349,2938.81,0
SID280,12,292,2908.94,1
SID281,5,583,4953.49,1
SID282,37,403,3786.08,0
SID283,32,196,2217.05,1
SID284,9,488,3539.91,0
SID285,41,309,1952.26,0
SID286,35,331,1152.09,0
SID287,19,560,2988.29,0
SID288,48,247,4641.63,1
SID289,16,131,4646.41,1
SID290,3,583,1716.11,1
SID291,20,317,2643.11,0
SID292,24,196,1066.06,0
SID293,33,65,4978.2,1
SID294,24,382,4905.78,1
SID295,11,102,3251.05,1
SID296,49,382,4024.03,0
SID297,8,99,3578.35,1
SID298,36,454,2969.86,0
SID299,38,590,276.21,0
SID300,40,546,2279.27,0
SID301,20,457,3377.18,0
SID302,35,568,3390.88,0
SID303,48,189,1871.88,0
SID304,25,178,4709.04,0
SID305,35,259,845.11,0
SID306,25,591,2506.79,0
SID307,29,96,3457.51,1
SID308,18,410,3488.71,0
SID309,46,87,3246.71,0
SID310,18,288,1383.69,0
SID311,2,371,789.47,0
SID312,35,159,3183.34,1
SID313,16,201,3000.52,0
SID314,41,238,904.99,0
SID315,36,383,3528.64,0
SID316,33,500,2281.31,0
SID317,4,145,3342.13,1
SID318,33,293,4188.46,0
SID319,14,471,856.94,0
SID320,21,577,105.53,0
SID321,48,482,3897.72,0
SID322,20,506,3052.39,1
SID323,8,316,3501.2,1
SID324,7,332,4192.39,0
SID325,3,340,4016.03,1
SID326,17,237,4804.99,1
SID327,33,475,2684.32,0
SID328,48,84,2447.59,0
SID329,12,41,2015.42,1
SID330,22,429,776.92,0
SID331,22,544,2867.31,0
SID332,46,571,1392.29,0
SID333,30,266,4607.32,0
SID334,38,308,2920.12,0
SID335,38,377,2968.27,0
SID336,45,133,1781.07,0
SID337,8,546,269.43,0
SID338,27,277,168.4,0
SID339,27,393,2122.44,0
SID340,34,350,431.98,0
SID341,21,315,3038.17,0
SID342,30,178,4406.06,0
SID343,33,113,4415.74,1
SID344,28,435,3298.64,0
SID345,47,485,1064.05,0
SID346,33,190,4316.35,0
SID347,5,489,4431.61,1
SID348,48,579,991.3,0
SID349,19,529,3689.76,0
SID350,4,538,1439.73,0
SID351,35,510,4015.18,1
SID352,49,143,4986.22,1
SID353,17,390,159.83,0
SID354,44,370,4487.86,0
SID355,28,478,3116.93,0
SID356,30,209,4867.18,0
SID357,29,436,2330.4,0
SID358,46,225,4238.47,0
SID359,6,495,321.35,0
SID360,35,340,1683.04,0
SID361,41,291,344.41,0
SID362,37,448,4876.96,0
SID363,24,435,4086.7,0
SID364,29,172,4264.21,0
SID365,49,371,4690.45,0
SID366,46,345,434.67,0
SID367,31,130,1934.13,0
SID368,35,273,364.46,0
SID369,33,519,1061.86,0
SID370,21,41,1154.54,0
SID371,32,268,2350.84,0
SID372,23,590,1350.13,0
SID373,33,71,513.88,0
SID374,3,458,845.78,0
SID375,18,187,744.91,1
SID376,25,245,4865.65,0
SID377,42,491,3798.87,0
SID378,31,163,4839.13,0
SID379,3,96,2204.31,1
SID380,40,36,1399.06,0
SID381,46,555,3993.48,0
SID382,24,102,1638.01,0
SID383,32,428,1503.92,0
SID384,47,434,1170.2,0
SID385,22,159,657.1,0
SID386,23,495,1289.75,0
SID387,2,235,1783.05,1
SID388,27,295,3373.23,0
SID389,42,566,322.2,0
SID390,2,282,1060.43,1
SID391,26,318,4047.03,0
SID392,17,193,743.14,0
SID393,40,124,1719.8,0
SID394,33,139,4324.65,1
SID395,9,365,783.08,1
SID396,43,267,422.86,0
SID397,48,410,2427.84,1
SID398,39,465,1519.07,0
SID399,29,512,2821.41,0
SID400,42,54,4020.99,0
SID401,26,146,694.37,0
SID402,35,511,2907.69,0
SID403,25,421,2532.49,0
SID404,24,566,728.95,0
SID405,13,108,3123.75,1
SID406,7,202,1375.47,0
SID407,36,41,2444.29,0
SID408,45,157,420.54,0
SID409,20,121,2303.32,1
SID410,1,572,1539.25,1
SID411,8,561,4113.68,1
SID412,46,476,294.32,0
SID413,16,419,2098.85,0
SID414,14,72,2297.57,1
SID415,12,283,3627.78,0
SID416,23,159,2875.69,0
SID417,15,89,3339.39,1
SID418,28,496,3887.48,0
SID419,34,316,4312.39,0
SID420,2,546,1576.24,1
SID421,32,496,2694.73,1
SID422,23,374,4202.14,0
SID423,22,411,4947.36,0
SID424,25,282,4448.7,0
SID425,22,85,1863.62,0
SID426,22,492,983.88,0
SID427,49,486,2452.07,0
SID428,42,112,3710.79,0
SID429,6,128,2467.92,1
SID430,15,178,2421.07,1
SID431,43,358,4192.77,0
SID432,37,185,1813.4,0
SID433,33,219,4300.38,0
SID434,8,523,2039.96,0
SID435,44,292,1647.88,1
SID436,44,109,2275.41,0
SID437,5,429,3814.61,1
SID438,39,289,638.75,0
SID439,4,581,990.13,0
SID440,6,130,4757.71,1
SID441,45,388,885.7,0
SID442,32,409,2842.96,1
SID443,30,250,2900.78,0
SID444,47,449,2453.23,0
SID445,35,153,3227.28,0
SID446,40,451,1156.84,0
SID447,16,260,2767.78,0
SID448,13,92,1867.14,1
SID449,42,514,3311.72,0
SID450,30,512,714.71,0
SID451,19,548,2858.68,0
SID452,17,184,934.5,0
SID453,19,121,1400.43,0
SID454,28,555,1101.36,1
SID455,26,484,922.36,0
SID456,37,539,4130.3,0
SID457,26,212,1435.68,0
SID458,23,415,4636.35,0
SID459,9,434,4849.93,1
SID460,12,275,2860.59,0
SID461,1,500,723.58,1
SID462,1,452,1879.0,1
SID463,47,94,3990.68,0
SID464,34,42,1843.28,0
SID465,32,242,444.22,0
SID466,48,271,2788.36,0
SID467,25,522,4227.15,0
SID468,40,242,3981.67,0
SID469,45,367,883.86,0
SID470,1,202,3367.1,1
SID471,16,193,1110.32,0
SID472,39,494,1098.86,0
SID473,5,526,4371.62,1
SID474,22,424,1255.85,1
SID475,29,337,1323.6,0
SID476,3,212,13.26,0
SID477,12,539,4354.64,0
SID478,26,575,3965.05,0
SID479,16,593,3140.37,0
SID480,37,256,3753.83,0
SID481,22,465,768.72,0
SID482,29,451,2297.03,0
SID483,14,583,1762.58,0
SID484,28,50,477.94,0
SID485,5,583,2435.79,1
SID486,47,426,4604.49,0
SID487,49,134,209.9,0
SID488,30,221,1464.39,1
SID489,46,46,1045.63,1
SID490,5,149,1198.35,1
SID491,12,422,4543.09,0
SID492,16,454,2345.66,0
SID493,26,158,2336.83,0
SID494,26,159,3805.27,0
SID495,48,589,780.92,0
SID496,21,58,2441.45,0
SID497,39,126,2155.63,0
SID498,36,39,2988.58,0
SID499,33,271,4997.79,0
SID500,30,261,3849.55,0
SID501,37,313,1995.35,0
SID502,23,229,4139.49,0
SID503,10,108,861.83,0
SID504,5,202,162.01,0
SID505,36,496,1030.2,0
SID506,34,445,1708.65,0
SID507,31,478,2557.8,0
SID508,10,116,3079.49,1
SID509,19,130,4553.92,1
SID510,32,37,2554.17,0
SID511,1,229,2511.37,1
SID512,5,534,260.71,0
SID513,45,116,184.21,0
SID514,4,72,2760.29,1
SID515,16,414,2196.51,0
SID516,24,464,4197.51,0
SID517,16,437,811.79,0
SID518,2,512,134.61,1
SID519,49,46,2250.7,0
SID520,28,177,1195.02,0
SID521,32,306,257.58,0
SID522,27,261,3625.75,0
SID523,20,395,566.85,0
SID524,24,257,3045.51,0
SID525,12,465,1412.44,1
SID526,35,428,875.75,0
SID527,33,240,1904.96,0
SID528,33,420,4009.21,0
SID529,43,528,1966.55,0
SID530,37,569,3756.34,0
SID531,12,592,636.18,0
SID532,3,520,3866.13,1
SID533,1,471,1192.3,1
SID534,33,290,3390.19,0
SID535,40,379,2833.25,0
SID536,10,381,4646.43,0
SID537,43,549,1942.74,0
SID538,44,349,340.16,0
SID539,29,167,105.59,0
SID540,13,579,4136.02,0
SID541,12,397,2628.43,0
SID542,31,249,3878.47,0
SID543,46,366,1179.78,0
SID544,2,252,1731.97,1
SID545,35,389,160.22,0
SID546,23,358,4807.85,0
SID547,17,492,3342.66,0
SID548,26,590,4666.69,0
SID549,8,411,1334.83,0
SID550,29,198,3061.2,0
SID551,26,246,3395.71,0
SID552,10,407,1594.57,0
SID553,26,148,4242.07,1
SID554,34,219,4736.34,0
SID555,41,399,4425.43,0
SID556,7,178,3697.94,1
SID557,4,517,1394.55,0
SID558,45,403,1415.26,0
SID559,11,189,4817.17,1
SID560,29,380,61.32,0
SID561,36,317,3583.09,0
SID562,25,317,3534.17,0
SID563,21,255,3117.22,0
SID564,36,552,4950.64,0
SID565,10,551,1566.28,0
SID566,37,302,1706.46,0
SID567,9,431,403.91,0
SID568,24,212,2219.56,0
SID569,35,517,1312.63,0
SID570,49,153,1723.5,0
SID571,35,443,4174.51,0
SID572,48,201,4678.07,0
SID573,36,317,936.81,0
SID574,18,464,1868.82,0
SID575,49,142,4643.87,0
SID576,39,151,318.42,0
SID577,32,573,470.88,0
SID578,24,251,822.33,0
SID579,23,68,2980.11,1
SID580,32,526,760.86,0
SID581,37,262,4840.7,0
SID582,12,559,2239.11,0
SID583,49,178,2512.57,0
SID584,13,426,1240.83,0
SID585,23,331,2360.09,0
SID586,25,389,3312.95,0
SID587,35,267,3758.37,0
SID588,41,265,3771.8,1
SID589,30,232,2893.68,0
SID590,17,285,4522.76,1
SID591,49,264,4088.87,0
SID592,20,374,3787.67,0
SID593,48,563,287.47,0
SID594,25,495,44.32,0
SID595,22,570,1070.11,0
SID596,13,242,3320.98,1
SID597,19,492,2061.88,0
SID598,49,465,2018.01,0
SID599,36,312,4424.09,0
SID600,12,591,4478.86,0
SID601,41,492,4546.78,0
SID602,19,436,1576.25,0
SID603,12,117,3458.37,1
SID604,9,73,1365.45,1
SID605,7,490,961.14,0
SID606,28,307,931.32,0
SID607,14,450,1717.12,0
SID608,31,382,2155.49,0
SID609,19,544,4156.44,0
SID610,47,48,608.26,0
SID611,16,52,3677.28,1
SID612,5,442,2661.96,1
SID613,35,59,1446.85,0
SID614,12,137,2469.17,1
SID615,25,396,1506.71,0
SID616,21,310,2984.45,0
SID617,36,157,2174.88,1
SID618,23,258,830.38,0
SID619,16,140,591.75,0
SID620,39,165,2738.01,0
SID621,45,391,4513.04,0
SID622,42,215,1726.35,0
SID623,39,158,3667.67,0
SID624,14,290,3296.72,0
SID625,31,544,4658.46,0
SID626,5,478,4106.7,1
SID627,35,133,2837.36,0
SID628,23,512,3288.58,0
SID629,29,253,4492.95,0
SID630,43,520,2003.6,0
SID631,11,502,1640.71,0
SID632,18,39,63.95,0
SID633,47,434,4134.49,0
SID634,12,331,4006.89,0
SID635,9,260,531.23,0
SID636,10,95,2888.52,1
SID637,44,141,2325.27,0
SID638,17,42,602.36,0
SID639,38,422,4903.04,0
SID640,7,529,1081.33,0
SID641,46,263,345.5,0
SID642,13,343,2978.29,1
SID643,40,595,3696.94,0
SID644,42,41,171.89,0
SID645,9,238,3297.0,1
SID646,27,43,2666.14,0
SID647,2,447,525.29,0
SID648,5,466,870.89,0
SID649,29,406,2844.19,0
SID650,37,49,1488.82,0
SID651,38,99,4692.2,1
SID652,19,240,4095.51,1
SID653,8,130,4918.0,1
SID654,48,161,1305.76,0
SID655,45,410,4848.92,0
SID656,1,161,2161.86,1
SID657,22,49,1744.12,0
SID658,17,565,261.24,0
SID659,7,256,273.3,0
SID660,25,183,3463.14,0
SID661,45,498,2295.07,0
SID662,4,434,1140.34,0
SID663,36,231,3073.71,0
SID664,6,67,1271.76,0
SID665,31,217,2892.38,1
SID666,19,86,1802.45,0
SID667,44,49,4119.53,0
SID668,39,302,4105.27,0
SID669,27,148,2391.98,0
SID670,10,545,1760.59,0
SID671,26,250,1819.17,0
SID672,19,555,4030.52,0
SID673,39,544,1647.62,0
SID674,3,365,1053.21,0
SID675,45,84,432.59,0
SID676,13,529,2338.8,0
SID677,28,565,2415.84,1
SID678,20,191,4206.13,1
SID679,28,188,1113.98,0
SID680,8,217,1911.15,1
SID681,41,89,4043.94,0
SID682,39,348,4119.88,0
SID683,1,240,1929.21,1
SID684,3,435,2301.03,1
SID685,13,138,1523.4,1
SID686,28,105,4663.45,1
SID687,49,571,602.03,0
SID688,25,343,4669.41,0
SID689,33,146,3422.49,1
SID690,38,48,2662.55,0
SID691,6,461,172.97,0
SID692,44,379,2383.22,0
SID693,45,212,2044.66,1
SID694,32,142,814.48,0
SID695,45,212,3285.48,0
SID696,47,510,4856.04,0
SID697,21,175,2815.32,0
SID698,16,142,3576.62,1
SID699,21,505,351.57,0
SID700,11,332,2094.16,0
SID701,37,147,590.63,0
SID702,36,190,3067.85,0
SID703,35,430,4693.03,0
SID704,19,227,3312.27,0
SID705,20,289,393.25,0
SID706,18,76,1779.78,0
SID707,47,428,2757.81,1
SID708,41,588,2022.01,1
SID709,49,107,4169.88,0
SID710,14,153,4075.21,1
SID711,15,104,3063.04,1
SID712,31,166,1873.56,1
SID713,1,429,1284.13,1
SID714,3,534,538.31,0
SID715,16,529,1780.94,0
SID716,23,167,2071.73,0
SID717,11,79,3382.36,1
SID718,12,283,3294.22,1
SID719,10,592,359.84,0
SID720,32,455,1982.34,0
SID721,16,576,917.08,0
SID722,8,331,792.5,0
SID723,38,378,4138.24,0
SID724,12,78,219.16,0
SID725,24,103,2101.72,0
SID726,28,290,849.34,0
SID727,8,385,4397.86,1
SID728,28,289,2789.63,0
SID729,36,324,1164.59,0
SID730,26,342,2517.11,0
SID731,8,211,3660.12,1
SID732,28,393,4791.01,0
SID733,28,217,1110.03,0
SID734,37,598,4432.05,0
SID735,41,572,4672.18,0
SID736,36,577,4582.94,0
SID737,27,437,3180.72,0
SID738,17,443,3152.81,0
SID739,9,371,2022.02,0
SID740,33,249,3764.47,0
SID741,20,192,2661.16,0
SID742,13,249,3390.42,1
SID743,28,299,2148.0,0
SID744,48,429,3660.17,0
SID745,29,211,4124.11,0
SID746,13,234,740.72,0
SID747,46,585,4166.32,0
SID748,35,257,2706.08,0
SID749,6,279,4224.88,1
SID750,18,470,2162.2,0
SID751,5,562,1901.41,0
SID752,47,225,4576.15,0
SID753,25,548,1263.33,0
SID754,2,99,4222.62,1
SID755,10,428,2425.26,0
SID756,30,232,2575.34,0
SID757,45,177,1549.26,0
SID758,5,501,2869.48,1
SID759,33,228,1632.8,0
SID760,1,455,205.95,0
SID761,18,521,1367.27,0
SID762,32,171,41.83,0
SID763,47,342,4891.99,0
SID764,49,194,4829.08,0
SID765,11,343,1981.82,0
SID766,21,50,3644.57,1
SID767,26,111,1735.57,0
SID768,25,160,3358.75,0
SID769,22,334,4029.1,0
SID770,27,400,4734.31,0
SID771,49,413,2007.06,0
SID772,13,474,3918.66,0
SID773,33,454,1336.98,0
SID774,34,190,4951.76,0
SID775,41,207,138.59,0
SID776,35,519,3021.61,0
SID777,1,356,3300.93,1
SID778,21,318,3443.35,0
SID779,48,383,610.73,0
SID780,6,57,4693.26,0
SID781,28,72,914.1,0
SID782,17,452,3117.54,0
SID783,5,206,1121.15,1
SID784,31,558,1543.01,0
SID785,5,523,2736.83,1
SID786,38,227,2091.8,0
SID787,3,546,809.53,0
SID788,23,543,862.97,0
SID789,37,51,2096.54,0
SID790,37,141,3788.84,1
SID791,10,86,4490.84,1
SID792,10,95,429.8,1
SID793,19,127,1971.59,1
SID794,17,173,510.23,0
SID795,21,464,92.8,0
SID796,14,115,3311.98,1
SID797,9,373,3016.22,1
SID798,46,323,823.47,0
SID799,1,272,1176.73,1
SID800,45,590,128.3,0
SID801,13,61,4176.39,1
SID802,4,420,4873.71,1
SID803,1,306,685.94,1
SID804,49,561,1165.06,1
SID805,40,183,4343.36,0
SID806,32,412,4633.05,0
SID807,34,97,2103.94,0
SID808,28,243,262.61,0
SID809,31,405,206.57,0
SID810,8,242,2874.01,1
SID811,39,108,1970.55,0
SID812,26,410,152.98,0
SID813,34,87,2920.43,0
SID814,3,55,66.4,1
SID815,12,476,3938.99,0
SID816,1,95,1539.1,1
SID817,44,283,210.89,0
SID818,5,73,2945.88,1
SID819,30,126,1994.45,0
SID820,30,583,4869.26,0
SID821,17,256,2725.55,0
SID822,48,465,1383.44,0
SID823,47,408,3550.1,0
SID824,23,207,1364.75,0
SID825,15,456,4522.17,0
SID826,37,336,1879.86,1
SID827,21,533,2753.84,0
SID828,14,297,262.36,0
SID829,2,37,2136.34,1
SID830,11,537,4163.49,0
SID831,39,505,4030.19,1
SID832,38,326,1129.35,0
SID833,34,193,1138.13,1
SID834,38,514,4088.35,0
SID835,34,101,4652.69,0
SID836,18,596,485.85,0
SID837,30,588,2255.79,0
SID838,15,267,1693.9,0
SID839,27,133,4354.74,1
SID840,34,239,426.79,1
SID841,38,583,1063.52,0
SID842,33,497,3764.82,0
SID843,24,483,265.96,0
SID844,15,297,2467.75,1
SID845,30,415,2216.11,0
SID846,42,416,1678.66,0
SID847,17,288,1978.92,0
SID848,5,312,2654.4,1
SID849,29,69,815.22,0
SID850,4,515,2864.26,1
SID851,10,249,4029.11,1
SID852,17,158,3803.2,1
SID853,10,549,777.96,0
SID854,17,289,754.75,0
SID855,20,395,1348.19,0
SID856,24,573,1811.76,0
SID857,5,553,2048.19,1
SID858,34,45,3401.69,1
SID859,6,158,292.84,0
SID860,2,138,183.02,0
SID861,13,562,1965.63,0
SID862,43,298,3488.85,0
SID863,43,191,975.24,0
SID864,48,289,3211.11,0
SID865,11,131,1306.54,1
SID866,47,535,4431.57,0
SID867,23,276,4479.49,0
SID868,16,566,1493.46,0
SID869,31,160,1157.67,0
SID870,11,382,2062.41,0
SID871,16,225,1210.25,0
SID872,8,411,3365.2,0
SID873,4,256,4132.06,1
SID874,40,505,3368.73,0
SID875,4,506,4123.51,1
SID876,25,294,1990.99,0
SID877,3,401,790.02,0
SID878,32,515,3692.38,0
SID879,3,463,1808.77,1
SID880,27,240,3359.64,0
SID881,29,406,1360.51,0
SID882,32,424,415.34,0
SID883,19,479,4962.98,0
SID884,21,393,789.45,0
SID885,5,486,4942.22,1
SID886,18,255,4886.63,1
SID887,28,160,3971.15,0
SID888,42,505,3300.52,0
SID889,22,306,2893.26,0
SID890,21,185,4331.85,1
SID891,6,247,1454.3,1
SID892,1,219,2343.73,1
SID893,5,446,3100.76,1
SID894,41,575,2061.84,0
SID895,12,70,2143.16,1
SID896,26,336,1658.12,0
SID897,46,367,2825.52,0
SID898,34,343,4254.37,0
SID899,49,104,1015.63,0
SID900,14,308,4672.82,1
SID901,26,205,3448.55,0
SID902,45,302,4118.13,0
SID903,27,318,2785.39,0
SID904,9,301,3899.79,1
SID905,26,95,90.84,0
SID906,47,512,4093.72,0
SID907,22,277,210.29,0
SID908,47,185,4450.67,0
SID909,30,76,4959.89,1
SID910,43,483,1477.4,0
SID911,48,230,1059.49,0
SID912,17,153,3829.16,1
SID913,26,30,1272.6,0
SID914,36,220,4329.16,0
SID915,1,545,523.18,1
SID916,8,471,638.52,0
SID917,49,172,4895.97,0
SID918,35,220,3372.46,0
SID919,15,562,4235.97,0
SID920,47,256,1628.4,0
SID921,22,342,3385.65,0
SID922,14,331,2975.27,1
SID923,26,489,3019.72,0
SID924,28,430,3415.84,0
SID925,23,580,2881.04,1
SID926,14,422,2151.02,0
SID927,24,236,1386.85,0
SID928,2,239,3845.22,1
SID929,45,144,1139.1,0
SID930,26,280,3464.85,0
SID931,14,248,1174.33,0
SID932,7,436,3130.4,0
SID933,3,472,3737.92,1
SID934,47,383,1101.38,0
SID935,23,587,309.12,0
SID936,46,579,663.56,0
SID937,43,171,3033.92,0
SID938,47,530,4248.74,0
SID939,45,576,234.53,1
SID940,18,571,3673.41,0
SID941,38,536,1713.18,0
SID942,35,310,2397.86,0
SID943,15,453,4645.01,0
SID944,25,299,1666.54,0
SID945,37,183,2332.03,0
SID946,28,112,78.28,1
SID947,10,455,417.18,0
SID948,39,304,1300.37,0
SID949,17,313,148.98,0
SID950,39,202,3160.56,0
SID951,22,356,2137.73,0
SID952,26,92,2745.24,1
SID953,44,102,881.49,0
SID954,25,404,1486.7,0
SID955,17,537,3322.48,0
SID956,13,427,4826.86,0
SID957,20,149,261.58,0
SID958,25,466,4453.02,0
SID959,4,494,2888.64,1
SID960,10,315,2823.96,1
SID961,3,294,2506.39,1
SID962,41,349,356.28,0
SID963,45,405,458.49,0
SID964,18,118,3008.55,1
SID965,47,232,1711.38,0
SID966,36,363,4587.17,0
SID967,47,251,2038.89,0
SID968,22,70,724.97,0
SID969,34,97,3576.45,1
SID970,47,543,1473.83,1
SID971,8,156,2632.1,1
SID972,40,284,3492.19,1
SID973,49,45,4502.32,0
SID974,44,506,3963.03,0
SID975,19,91,3385.04,1
SID976,42,461,3401.37,0
SID977,41,297,4730.16,0
SID978,37,64,1486.16,0
SID979,6,523,15.55,0
SID980,26,591,1367.05,0
SID981,34,498,1097.28,0
SID982,45,354,3312.55,0
SID983,6,333,3172.22,0
SID984,37,305,2971.37,1
SID985,33,230,91.05,0
SID986,22,474,3646.6,0
SID987,21,353,1624.42,0
SID988,6,64,3328.63,1
SID989,6,511,2787.33,0
SID990,48,509,1720.23,0
SID991,4,94,681.54,1
SID992,30,37,481.15,0
SID993,11,330,4159.28,1
SID994,30,372,4592.8,0
SID995,31,460,3252.44,0
SID996,24,453,526.14,0
SID997,9,361,2016.12,0
SID998,3,467,3647.41,1
SID999,31,203,3901.31,0
SID1000,40,588,599.91,0
SID1001,37,556,10.15,0
SID1002,36,55,3563.56,1
SID1003,24,435,1789.41,1
SID1004,31,261,1279.86,0
SID1005,6,562,74.36,1
SID1006,2,579,2706.09,1
SID1007,20,534,4257.24,0
SID1008,28,208,4788.58,0
SID1009,11,161,2833.07,1
SID1010,4,484,2577.16,1
SID1011,15,377,434.43,0
SID1012,6,569,2748.88,0
SID1013,49,435,1906.1,0
SID1014,30,105,3039.61,1
SID1015,38,521,1949.74,0
SID1016,2,223,1209.09,1
SID1017,15,191,483.88,0
SID1018,11,376,1581.44,1
SID1019,8,390,492.26,0
SID1020,26,116,892.72,1
SID1021,45,291,4936.81,0
SID1022,44,243,2226.08,1
SID1023,5,291,2664.04,1
SID1024,6,312,4369.36,1
SID1025,26,496,4977.89,0
SID1026,4,409,2917.75,1
SID1027,19,391,4064.24,0
SID1028,20,478,1641.44,0
SID1029,33,470,1535.66,0
SID1030,20,122,2019.49,1
SID1031,49,453,3365.81,0
SID1032,12,171,3414.14,1
SID1033,47,320,1583.04,0
SID1034,1,461,674.72,0
SID1035,26,78,3165.66,1
SID1036,14,331,650.35,0
SID1037,38,219,2896.68,0
SID1038,37,165,3470.18,0
SID1039,11,584,3506.05,0
SID1040,36,433,3769.83,0
SID1041,13,370,4365.57,0
SID1042,43,347,2504.8,0
SID1043,3,392,3653.94,1
SID1044,33,411,3099.67,0
SID1045,6,262,941.33,0
SID1046,10,373,138.19,0
SID1047,5,578,1429.86,0
SID1048,23,582,2220.74,0
SID1049,10,558,3089.36,1
SID1050,44,212,4251.3,0
SID1051,2,70,989.27,1
SID1052,13,580,636.49,0
SID1053,40,426,4817.76,0
SID1054,2,523,549.14,0
SID1055,20,362,2397.67,0
SID1056,1,156,2931.96,1
SID1057,37,587,2711.46,0
SID1058,9,586,439.3,0
SID1059,17,30,294.56,1
SID1060,9,197,536.36,0
SID1061,11,48,2932.08,1
SID1062,15,361,2726.28,0
SID1063,24,485,1176.37,0
SID1064,38,138,3192.49,0
SID1065,35,297,4102.14,0
SID1066,30,474,217.48,0
SID1067,31,269,2495.67,0
SID1068,49,330,3449.66,0
SID1069,5,132,1269.04,1
SID1070,44,279,1545.78,0
SID1071,14,482,3072.05,0
SID1072,11,549,4490.7,0
SID1073,9,182,4051.52,1
SID1074,34,203,2919.82,0
SID1075,12,372,3653.81,0
SID1076,35,460,1830.46,0
SID1077,35,353,3208.42,0
SID1078,1,449,2336.25,1
SID1079,40,514,957.78,0
SID1080,22,441,3511.67,0
SID1081,29,113,2786.76,0
SID1082,8,142,1799.52,1
SID1083,11,361,4557.58,0
SID1084,41,407,114.46,0
SID1085,37,70,1585.71,0
SID1086,14,134,293.84,0
SID1087,30,231,3834.97,0
SID1088,35,479,3513.52,0
SID1089,21,295,1663.45,0
SID1090,37,239,3381.56,0
SID1091,5,592,1985.73,0
SID1092,19,147,3783.71,1
SID1093,14,406,2276.38,0
SID1094,26,580,2067.28,0
SID1095,4,569,4674.3,1
SID1096,25,113,1261.89,0
SID1097,45,483,611.03,0
SID1098,42,543,2926.87,0
SID1099,25,416,4846.92,0
SID1100,18,379,1895.42,0
SID1101,40,325,319.56,0
SID1102,8,287,1703.13,1
SID1103,39,110,2534.6,1
SID1104,40,297,818.0,0
SID1105,14,448,3293.93,0
SID1106,32,264,4988.77,0
SID1107,38,340,2264.18,0
SID1108,33,386,1780.1,0
SID1109,23,242,2009.51,0
SID1110,15,78,584.58,0
SID1111,33,156,4417.54,0
SID1112,25,252,2079.98,0
SID1113,17,308,1942.5,0
SID1114,33,437,3301.85,0
SID1115,47,534,2215.75,0
SID1116,2,323,3244.69,1
SID1117,14,306,316.62,0
SID1118,40,467,4070.48,0
SID1119,40,136,4703.11,1
SID1120,39,449,3247.34,0
SID1121,6,458,4773.28,1
SID1122,6,404,765.65,1
SID1123,3,102,2392.31,1
SID1124,7,59,3013.02,1
SID1125,8,217,2912.87,1
SID1126,42,393,2013.29,0
SID1127,15,480,1697.04,0
SID1128,47,224,642.85,0
SID1129,29,185,1964.79,0
SID1130,33,201,821.68,0
SID1131,30,70,3674.48,1
SID1132,39,92,1052.07,0
SID1133,27,52,302.24,0
SID1134,36,389,2766.31,0
SID1135,29,104,2980.2,1
SID1136,38,589,4360.85,0
SID1137,33,147,2889.14,0
SID1138,37,409,1733.95,0
SID1139,27,319,4017.03,0
SID1140,33,469,2705.99,0
SID1141,4,36,405.61,1
SID1142,22,225,2833.59,0
SID1143,2,450,4541.01,1
SID1144,10,597,1987.6,0
SID1145,5,222,1488.67,1
SID1146,10,588,725.91,0
SID1147,33,177,765.71,0
SID1148,38,231,2169.53,0
SID1149,13,473,2982.44,0
SID1150,31,448,412.27,0
SID1151,47,456,4698.45,0
SID1152,36,508,3778.12,0
SID1153,45,504,2937.25,0
SID1154,24,155,4143.91,0
SID1155,15,424,410.13,0
SID1156,29,354,2389.43,0
SID1157,8,421,3154.16,0
SID1158,5,469,4144.98,1
SID1159,29,233,3919.51,0
SID1160,47,515,1392.58,0
SID1161,4,60,4704.99,1
SID1162,12,417,630.49,0
SID1163,45,463,4376.92,0
SID1164,2,405,4854.99,1
SID1165,27,373,894.0,0
SID1166,31,472,3613.11,0
SID1167,36,104,211.02,0
SID1168,36,586,2033.06,0
SID1169,26,184,2586.25,1
SID1170,43,459,2907.42,0
SID1171,27,392,4680.33,0
SID1172,5,477,3364.53,1
SID1173,20,263,2411.58,0
SID1174,11,592,4050.28,0
SID1175,10,291,4753.16,1
SID1176,40,154,120.11,0
SID1177,38,274,4912.78,0
SID1178,6,571,439.8,0
SID1179,8,514,4073.79,0
SID1180,23,151,1408.87,1
SID1181,47,154,669.58,0
SID1182,26,578,2204.88,0
SID1183,46,199,3223.34,0
SID1184,43,153,1910.95,0
SID1185,12,64,282.28,0
SID1186,26,116,3001.31,1
SID1187,13,230,4512.99,1
SID1188,40,398,1922.24,0
SID1189,18,106,1089.5,0
SID1190,25,88,2218.46,0
SID1191,33,460,251.33,0
SID1192,47,529,4104.23,0
SID1193,40,138,4133.44,1
SID1194,43,307,2944.12,0
SID1195,12,97,1771.98,0
SID1196,44,98,4000.92,0
SID1197,36,194,2777.89,0
SID1198,48,518,4131.4,0
SID1199,4,334,3160.98,1
SID1200,5,394,3924.18,0
SID1201,37,408,2996.83,0
SID1202,8,372,2076.56,1
SID1203,42,583,4790.15,0
SID1204,49,383,2710.16,0
SID1205,28,445,3029.4,0
SID1206,31,138,1110.23,0
SID1207,9,592,3132.0,0
SID1208,29,526,2862.32,0
SID1209,14,370,932.34,0
SID1210,40,412,307.34,1
SID1211,41,562,3025.75,0
SID1212,22,329,3820.82,0
SID1213,11,168,2621.77,1
SID1214,23,388,1141.6,0
SID1215,1,528,3335.94,1
SID1216,46,414,409.73,0
SID1217,37,309,2214.75,0
SID1218,21,512,825.2,0
SID1219,26,140,930.45,0
SID1220,46,168,1019.45,0
SID1221,36,464,1939.67,0
SID1222,23,538,265.24,0
SID1223,1,302,1994.99,1
SID1224,40,128,2563.42,0
SID1225,15,133,2421.64,0
SID1226,21,243,1920.09,0
SID1227,47,194,4197.34,0
SID1228,9,549,735.18,0
SID1229,9,313,2533.43,1
SID1230,10,546,319.59,0
SID1231,26,193,365.07,0
SID1232,41,93,2873.59,1
SID1233,35,120,2834.43,0
SID1234,25,146,4391.39,1
SID1235,26,296,2793.79,0
SID1236,11,588,4799.36,0
SID1237,38,169,252.99,0
SID1238,2,275,499.06,1
SID1239,7,424,229.89,0
SID1240,18,516,934.53,0
SID1241,27,505,2710.94,0
SID1242,34,546,3231.41,0
SID1243,27,213,237.47,0
SID1244,17,49,4730.39,1
SID1245,43,587,4212.41,0
SID1246,44,553,1490.1,0
SID1247,24,558,395.17,0
SID1248,25,176,857.74,0
SID1249,7,333,643.45,0
SID1250,6,257,625.19,0
SID1251,24,131,2597.62,1
SID1252,33,446,1236.78,0
SID1253,49,245,1797.12,0
SID1254,29,436,4947.63,1
SID1255,43,428,3424.73,0
SID1256,22,528,4745.41,0
SID1257,26,494,721.36,0
SID1258,28,111,1916.88,0
SID1259,21,394,2778.11,0
SID1260,49,192,393.02,1
SID1261,7,77,30.9,0
SID1262,17,540,3355.47,0
SID1263,20,358,3212.68,0
SID1264,41,145,2059.84,0
SID1265,49,366,2453.32,0
SID1266,20,176,2083.06,0
SID1267,22,352,129.79,0
SID1268,28,472,1683.5,0
SID1269,40,42,893.64,0
SID1270,49,523,501.14,0
SID1271,7,316,4784.03,1
SID1272,1,143,3000.81,0
SID1273,32,509,3645.99,0
SID1274,13,51,1583.67,1
SID1275,30,378,1971.8,0
SID1276,23,595,1192.25,0
SID1277,19,349,493.86,0
SID1278,32,155,903.37,0
SID1279,30,306,3989.6,0
SID1280,29,233,3390.95,0
SID1281,49,223,2739.18,0
SID1282,45,576,2380.7,0
SID1283,29,315,4612.95,0
SID1284,30,86,372.95,0
SID1285,16,332,1410.2,0
SID1286,40,192,1756.19,0
SID1287,19,48,3914.3,1
SID1288,18,399,4962.65,0
SID1289,1,293,1210.95,1
SID1290,14,142,4372.79,1
SID1291,47,517,4154.81,1
SID1292,2,356,1131.04,1
SID1293,28,571,2002.67,1
SID1294,49,94,2054.27,0
SID1295,30,321,4891.32,0
SID1296,38,54,912.65,0
SID1297,4,578,3997.8,1
SID1298,1,30,1677.62,0
SID1299,8,578,3657.04,0
SID1300,29,170,2105.85,0
SID1301,39,217,2896.02,0
SID1302,3,157,4164.73,1
SID1303,32,230,4022.79,0
SID1304,10,156,4333.45,1
SID1305,10,286,307.49,0
SID1306,19,576,3463.33,0
SID1307,46,223,708.54,0
SID1308,34,133,2084.93,1
SID1309,33,564,2747.46,0
SID1310,23,294,2019.67,0
SID1311,28,413,2602.86,0
SID1312,32,289,4982.67,0
SID1313,7,443,684.73,0
SID1314,29,387,3380.53,0
SID1315,8,104,1986.04,0
SID1316,1,384,673.72,1
SID1317,3,217,802.1,0
SID1318,24,319,4746.87,0
SID1319,23,74,4399.21,1
SID1320,8,112,4536.14,1
SID1321,47,152,4957.75,0
SID1322,37,387,1049.49,0
SID1323,3,557,1783.64,1
SID1324,33,95,3349.4,1
SID1325,28,404,2424.17,0
SID1326,47,191,2097.76,0
SID1327,8,409,1795.48,0
SID1328,34,387,2972.97,0
SID1329,35,217,2882.21,0
SID1330,32,351,815.67,0
SID1331,24,479,2363.98,0
SID1332,14,503,2771.82,0
SID1333,32,42,2855.73,1
SID1334,46,213,1058.43,0
SID1335,43,140,3713.93,0
SID1336,16,537,135.74,0
SID1337,4,319,1780.61,1
SID1338,37,324,3903.26,0
SID1339,21,480,2823.83,0
SID1340,14,244,1313.2,0
SID1341,31,596,3477.82,0
SID1342,48,56,2841.28,0
SID1343,18,260,3983.26,1
SID1344,7,594,3677.78,1
SID1345,10,350,3054.44,1
SID1346,7,262,2446.01,1
SID1347,33,466,674.58,1
SID1348,23,562,1314.05,0
SID1349,21,432,2101.31,0
SID1350,19,82,3000.5,1
SID1351,48,342,2573.4,0
SID1352,19,310,1448.04,0
SID1353,36,60,42.26,1
SID1354,29,366,2486.23,0
SID1355,18,212,1435.27,0
SID1356,2,52,3675.7,1
SID1357,1,573,129.49,0
SID1358,47,475,2928.29,0
SID1359,5,103,4707.96,1
SID1360,20,39,880.3,1
SID1361,11,513,2363.53,0
SID1362,42,485,466.2,0
SID1363,2,595,3132.15,1
SID1364,3,593,2757.15,1
SID1365,23,189,2042.75,0
SID1366,12,43,2611.67,1
SID1367,20,207,4483.91,1
SID1368,5,441,989.51,0
SID1369,37,82,122.6,0
SID1370,38,437,4309.71,0
SID1371,30,51,2889.81,0
SID1372,9,59,4454.39,1
SID1373,34,289,2988.76,0
SID1374,44,234,4052.7,1
SID1375,35,88,2154.07,0
SID1376,22,500,3751.8,1
SID1377,44,495,4566.08,0
SID1378,24,41,2864.89,1
SID1379,17,319,912.12,0
SID1380,10,383,1351.3,0
SID1381,30,104,1001.24,0
SID1382,46,590,1241.82,0
SID1383,23,470,1539.01,1
SID1384,32,270,2780.12,1
SID1385,17,183,2944.08,0
SID1386,17,125,2138.23,1
SID1387,14,323,3080.95,1
SID1388,9,238,417.06,0
SID1389,40,372,448.06,0
SID1390,2,117,867.43,1
SID1391,45,419,2595.21,0
SID1392,25,354,1077.83,0
SID1393,39,186,1423.59,0
SID1394,9,166,2007.56,1
SID1395,22,457,4061.21,0
SID1396,43,481,79.17,0
SID1397,46,170,3250.4,0
SID1398,4,112,3347.69,1
SID1399,26,206,3995.29,0
SID1400,29,227,4664.44,0
SID1401,45,597,110.49,0
SID1402,34,450,777.38,0
SID1403,23,430,4431.99,1
SID1404,37,500,2298.01,0
SID1405,11,247,2827.31,1
SID1406,6,204,3318.51,1
SID1407,18,52,3398.54,0
SID1408,21,264,4659.38,1
SID1409,42,42,4984.78,1
SID1410,36,130,3603.59,1
SID1411,41,565,1443.23,0
SID1412,38,552,4399.96,0
SID1413,34,481,255.61,0
SID1414,17,460,1163.09,0
SID1415,37,562,4487.95,0
SID1416,25,322,1288.4,0
SID1417,38,130,1111.05,0
SID1418,12,531,699.25,0
SID1419,23,333,4296.97,0
SID1420,42,569,2505.29,0
SID1421,22,582,3377.72,1
SID1422,21,384,1202.94,1
SID1423,27,332,3792.62,0
SID1424,31,525,3802.43,1
SID1425,6,256,1569.86,1
SID1426,27,265,2059.31,0
SID1427,40,484,1056.35,0
SID1428,34,42,4883.04,1
SID1429,12,239,3231.56,1
SID1430,45,426,4673.37,0
SID1431,7,129,1523.89,1
SID1432,10,60,3911.64,1
SID1433,45,557,3831.63,0
SID1434,17,358,3461.36,0
SID1435,26,195,4828.54,0
SID1436,21,488,1973.84,0
SID1437,28,129,662.28,1
SID1438,46,202,3361.83,0
SID1439,2,191,3649.26,1
SID1440,43,292,2879.55,0
SID1441,1,303,1042.02,1
SID1442,36,32,2527.24,0
SID1443,26,57,1567.83,0
SID1444,29,355,2143.06,0
SID1445,21,178,3229.64,0
SID1446,11,569,3728.62,0
SID1447,40,517,1168.8,0
SID1448,11,467,2032.57,0
SID1449,36,94,1353.12,0
SID1450,49,385,1001.17,0
SID1451,39,562,3919.1,0
SID1452,40,281,4547.17,0
SID1453,35,264,1857.46,0
SID1454,34,256,3758.88,0
SID1455,47,554,4486.01,0
SID1456,24,342,4232.16,0
SID1457,22,78,922.24,0
SID1458,5,147,4781.9,1
SID1459,33,83,1889.62,0
SID1460,36,594,1702.81,0
SID1461,47,73,321.53,0
SID1462,20,82,2436.01,1
SID1463,19,587,553.98,1
SID1464,35,554,1250.21,0
SID1465,43,131,1591.54,0
SID1466,17,427,4046.04,0
SID1467,45,167,4378.69,0
SID1468,43,416,1519.31,0
SID1469,34,140,4294.9,1
SID1470,9,46,4287.58,1
SID1471,26,211,3825.61,0
SID1472,2,565,742.01,0
SID1473,9,570,3454.71,0
SID1474,9,200,4725.67,1
SID1475,40,438,3415.88,0
SID1476,17,407,1664.77,0
SID1477,1,217,2507.89,1
SID1478,25,259,3232.17,0
SID1479,43,148,2557.75,0
SID1480,40,185,608.57,0
SID1481,42,494,1567.2,0
SID1482,25,133,4013.96,1
SID1483,39,531,4308.48,0
SID1484,35,204,695.13,0
SID1485,3,450,4762.41,1
SID1486,37,163,1650.82,0
SID1487,44,420,3314.95,0
SID1488,44,530,3761.61,0
SID1489,30,62,4061.61,1
SID1490,38,84,4729.29,1
SID1491,34,548,1571.47,0
SID1492,12,41,4293.95,1
SID1493,19,557,667.12,0
SID1494,37,584,3528.15,0
SID1495,44,402,3712.47,0
SID1496,49,513,3391.84,0
SID1497,17,257,1269.05,0
SID1498,10,336,4366.49,1
SID1499,49,486,852.6,0
SID1500,47,189,277.64,0
SID1501,12,360,3590.15,0
SID1502,16,254,2382.62,0
SID1503,24,533,4247.0,0
SID1504,19,485,1923.15,0
SID1505,8,74,849.71,1
SID1506,31,243,4183.85,0
SID1507,21,88,2749.06,1
SID1508,17,224,954.09,0
SID1509,23,518,3604.72,0
SID1510,37,186,2560.46,0
SID1511,16,255,3025.52,0
SID1512,6,441,2309.88,0
SID1513,8,234,4145.26,1
SID1514,25,108,4149.52,1
SID1515,18,153,3549.85,0
SID1516,25,500,535.95,0
SID1517,12,247,4195.88,1
SID1518,15,545,3358.35,0
SID1519,26,133,3488.15,1
SID1520,41,422,1821.28,0
SID1521,45,463,4397.6,0
SID1522,26,360,3629.6,0
SID1523,47,172,571.83,1
SID1524,32,569,2044.81,0
SID1525,10,307,4433.04,1
SID1526,16,262,245.51,0
SID1527,7,558,4807.47,1
SID1528,17,119,3399.02,1
SID1529,23,521,3160.57,0
SID1530,26,228,1360.09,0
SID1531,21,391,1251.47,0
SID1532,22,470,4710.87,0
SID1533,7,55,1498.38,1
SID1534,14,54,3879.77,1
SID1535,15,423,1971.68,1
SID1536,7,536,704.88,0
SID1537,9,330,63.47,0
SID1538,48,368,2725.84,0
SID1539,8,296,4879.14,0
SID1540,23,490,1851.99,0
SID1541,29,485,1792.39,0
SID1542,18,389,1727.02,0
SID1543,31,97,2607.51,0
SID1544,30,441,2208.92,0
SID1545,39,520,4400.77,0
SID1546,35,78,2532.55,0
SID1547,18,593,2543.71,0
SID1548,42,131,700.47,0
SID1549,39,245,4913.87,0
SID1550,17,467,1257.36,0
SID1551,14,598,376.09,0
SID1552,31,588,3319.1,0
SID1553,24,188,2980.88,0
SID1554,35,518,2081.58,0
SID1555,44,271,2116.74,0
SID1556,45,34,3927.47,0
SID1557,34,390,986.61,0
SID1558,3,488,4103.06,1
SID1559,37,277,3247.25,0
SID1560,43,595,2100.66,0
SID1561,40,451,2295.56,0
SID1562,26,44,1290.67,0
SID1563,23,151,3763.05,0
SID1564,44,306,2569.24,0
SID1565,39,587,1611.06,0
SID1566,15,482,2984.29,0
SID1567,49,419,4978.71,0
SID1568,4,323,2181.96,1
SID1569,29,475,4604.25,0
SID1570,22,239,1731.63,0
SID1571,25,331,283.12,1
SID1572,13,252,1029.17,0
SID1573,18,32,2099.29,1
SID1574,33,547,1105.98,0
SID1575,16,122,11.13,0
SID1576,45,549,4575.86,0
SID1577,42,457,4220.96,0
SID1578,44,522,3714.04,0
SID1579,2,264,847.39,1
SID1580,35,190,610.61,0
SID1581,42,360,347.35,0
SID1582,34,362,3622.91,0
SID1583,30,79,4644.75,1
SID1584,13,552,2158.37,0
SID1585,13,521,604.51,0
SID1586,18,301,2566.84,0
SID1587,32,281,1750.67,1
SID1588,32,589,1880.38,0
SID1589,35,119,3110.44,0
SID1590,39,475,3596.4,0
SID1591,46,361,561.91,0
SID1592,29,168,187.6,0
SID1593,49,386,4971.71,0
SID1594,29,303,1171.31,0
SID1595,44,48,278.61,0
SID1596,16,340,957.48,0
SID1597,44,183,204.4,1
SID1598,47,419,1965.14,0
SID1599,10,289,4013.98,1
SID1600,30,154,1712.81,0
SID1601,25,383,2226.48,0
SID1602,39,302,3381.18,0
SID1603,20,274,2549.38,0
SID1604,5,479,4308.61,0
SID1605,1,276,4331.52,1
SID1606,30,549,59.45,0
SID1607,49,170,3892.45,0
SID1608,3,391,2309.06,1
SID1609,45,37,4944.31,1
SID1610,14,507,2421.33,0
SID1611,30,381,4934.61,0
SID1612,4,524,3775.3,1
SID1613,18,456,1250.54,0
SID1614,37,68,2696.59,0
SID1615,25,216,4960.76,0
SID1616,48,122,4289.08,0
SID1617,1,115,495.86,1
SID1618,46,73,3534.8,0
SID1619,15,166,1734.44,0
SID1620,9,450,44.84,0
SID1621,15,103,2023.37,1
SID1622,49,577,1181.42,0
SID1623,24,541,4096.16,0
SID1624,4,185,1693.28,1
SID1625,12,284,4139.34,1
SID1626,37,200,12.98,0
SID1627,37,199,1546.02,0
SID1628,43,351,1213.41,0
SID1629,6,596,1175.5,1
SID1630,39,485,350.25,0
SID1631,46,184,943.75,0
SID1632,24,378,2782.19,0
SID1633,11,480,1463.89,0
SID1634,13,202,2092.8,0
SID1635,34,39,1890.57,0
SID1636,25,294,4380.77,0
SID1637,7,467,4527.44,1
SID1638,4,276,2469.86,1
SID1639,8,575,1657.48,0
SID1640,20,528,542.94,0
SID1641,29,158,4767.48,0
SID1642,45,356,310.53,0
SID1643,46,433,1495.27,0
SID1644,10,388,1497.35,0
SID1645,43,46,1608.8,0
SID1646,34,303,829.79,0
SID1647,26,145,3917.98,1
SID1648,41,120,621.26,0
SID1649,49,111,3178.18,0
SID1650,3,353,627.99,1
SID1651,6,143,361.97,0
SID1652,5,87,4548.05,1
SID1653,5,183,958.74,0
SID1654,47,433,4108.04,0
SID1655,23,295,2727.71,0
SID1656,49,344,398.5,0
SID1657,9,70,4777.69,1
SID1658,35,134,1242.34,0
SID1659,20,222,4299.63,1
SID1660,49,430,852.36,0
SID1661,42,307,4271.17,1
SID1662,35,383,76.01,1
SID1663,18,285,2563.78,0
SID1664,17,128,3849.52,1
SID1665,24,311,4674.63,0
SID1666,3,432,4546.92,1
SID1667,32,138,4099.93,1
SID1668,35,228,4442.07,0
SID1669,38,332,1004.11,0
SID1670,13,356,1428.08,0
SID1671,47,183,1451.95,0
SID1672,25,581,1891.5,0
SID1673,9,434,1972.67,0
SID1674,4,491,2727.33,1
SID1675,14,161,807.8,0
SID1676,37,113,3459.32,0
SID1677,34,428,846.16,0
SID1678,11,138,1558.44,1
SID1679,41,250,2521.69,0
SID1680,3,582,3984.24,1
SID1681,28,397,3699.95,0
SID1682,29,176,3231.22,0
SID1683,9,141,787.31,0
SID1684,3,587,2739.76,1
SID1685,25,523,446.36,0
SID1686,34,534,1893.04,0
SID1687,12,504,2073.45,0
SID1688,42,300,208.66,0
SID1689,9,450,1377.2,0
SID1690,15,396,4778.69,0
SID1691,40,309,4768.63,0
SID1692,25,312,1768.11,0
SID1693,5,69,225.07,0
SID1694,11,218,903.68,0
SID1695,34,193,1967.17,0
SID1696,24,565,4739.42,0
SID1697,15,565,714.58,0
SID1698,38,33,3819.94,1
SID1699,8,319,552.33,1
SID1700,5,462,4906.48,1
SID1701,48,500,1914.27,0
SID1702,26,210,3878.42,0
SID1703,18,277,1719.53,0
SID1704,6,308,3142.07,0
SID1705,37,283,968.16,0
SID1706,48,210,738.64,0
SID1707,13,538,4690.94,0
SID1708,28,595,4589.06,0
SID1709,5,355,4438.47,1
SID1710,13,386,3130.91,1
SID1711,17,420,4043.26,0
SID1712,40,114,354.49,0
SID1713,45,346,1680.6,1
SID1714,32,241,1575.38,0
SID1715,29,544,3181.87,0
SID1716,3,413,1786.23,1
SID1717,40,371,751.05,0
SID1718,34,67,2986.37,0
SID1719,40,540,4073.78,0
SID1720,27,449,1916.8,0
SID1721,13,198,670.02,0
SID1722,45,372,991.47,0
SID1723,33,335,1195.04,0
SID1724,6,571,1506.49,0
SID1725,24,566,3217.55,0
SID1726,19,141,3008.72,1
SID1727,16,440,3483.44,0
SID1728,40,235,1818.88,0
SID1729,28,214,4121.75,0
SID1730,33,411,1028.4,0
SID1731,48,525,2350.51,0
SID1732,41,408,4006.68,0
SID1733,13,76,908.99,0
SID1734,43,580,558.22,0
SID1735,45,557,4419.58,0
SID1736,25,533,1721.22,0
SID1737,42,51,3422.51,0
SID1738,36,242,136.49,0
SID1739,27,339,3453.33,0
SID1740,38,301,1587.35,0
SID1741,7,231,288.15,0
SID1742,5,61,3052.97,1
SID1743,43,472,1211.61,0
SID1744,45,191,1940.17,0
SID1745,31,283,412.1,0
SID1746,23,550,744.34,0
SID1747,42,509,1496.91,1
SID1748,10,39,457.9,0
SID1749,32,534,4555.02,0
SID1750,43,589,40.17,0
SID1751,30,465,2424.46,0
SID1752,39,140,625.0,1
SID1753,31,182,1545.32,0
SID1754,18,131,4631.04,1
SID1755,36,220,816.86,1
SID1756,2,592,4829.5,1
SID1757,14,110,1036.91,0
SID1758,13,518,3710.41,0
SID1759,29,117,2737.92,0
SID1760,12,223,4423.55,1
SID1761,39,133,2774.43,0
SID1762,2,125,2677.45,1
SID1763,32,452,985.34,0
SID1764,13,227,839.48,0
SID1765,46,30,4583.28,0
SID1766,27,436,1645.91,0
SID1767,49,407,1866.69,0
SID1768,41,196,3801.52,0
SID1769,17,538,1700.73,0
SID1770,40,342,4760.79,0
SID1771,31,447,3692.26,1
SID1772,34,506,2991.17,0
SID1773,24,102,4405.67,1
SID1774,45,170,257.53,0
SID1775,35,291,1292.74,1
SID1776,48,369,2330.53,0
SID1777,6,337,1142.62,0
SID1778,19,274,3722.09,0
SID1779,30,544,4596.85,0
SID1780,7,366,2124.61,0
SID1781,10,590,1717.24,0
SID1782,41,105,4808.14,1
SID1783,32,204,2229.81,0
SID1784,34,138,2450.35,0
SID1785,28,212,1764.73,0
SID1786,15,221,4548.65,1
SID1787,30,94,2849.09,0
SID1788,37,503,3813.25,0
SID1789,29,129,4060.92,1
SID1790,22,573,1715.83,0
SID1791,4,157,2174.13,1
SID1792,20,481,4243.87,0
SID1793,32,398,1822.64,1
SID1794,36,72,3971.74,1
SID1795,4,448,4705.55,1
SID1796,27,517,3119.82,0
SID1797,17,107,3710.72,1
SID1798,12,299,4027.44,1
SID1799,22,344,4226.75,1
SID1800,17,197,1981.32,0
SID1801,10,368,265.8,0
SID1802,1,222,2015.36,1
SID1803,22,482,3372.04,1
SID1804,26,312,2257.25,0
SID1805,18,365,3747.33,0
SID1806,14,419,1791.34,0
SID1807,47,554,3177.37,0
SID1808,29,269,940.23,0
SID1809,12,512,3749.35,0
SID1810,36,584,2733.02,0
SID1811,35,487,1028.28,0
SID1812,12,118,1466.64,1
SID1813,7,124,3745.56,1
SID1814,29,481,2418.18,0
SID1815,11,457,1088.0,0
SID1816,33,180,4836.68,0
SID1817,6,543,3578.47,1
SID1818,47,405,4786.1,0
SID1819,15,51,2141.25,1
SID1820,32,342,2380.75,0
SID1821,11,548,4490.8,0
SID1822,23,235,2630.0,1
SID1823,26,404,3539.32,0
SID1824,34,480,1268.34,0
SID1825,46,208,2239.17,0
SID1826,34,239,626.01,0
SID1827,29,529,1037.84,0
SID1828,4,493,14.71,0
SID1829,17,153,205.93,1
SID1830,35,142,4886.65,1
SID1831,13,41,1219.34,0
SID1832,41,155,3319.92,0
SID1833,39,594,4197.11,0
SID1834,15,360,2757.8,0
SID1835,29,312,774.19,0
SID1836,29,169,3643.3,0
SID1837,11,430,3005.25,0
SID1838,32,126,3658.94,1
SID1839,2,546,3851.04,0
SID1840,47,598,4877.3,0
SID1841,14,98,2872.08,1
SID1842,20,147,1714.79,0
SID1843,22,88,3245.84,1
SID1844,11,62,351.52,0
SID1845,27,347,4488.01,0
SID1846,3,79,605.71,1
SID1847,17,518,1645.94,0
SID1848,44,48,4080.57,0
SID1849,28,226,2990.59,0
SID1850,29,479,1974.24,1
SID1851,21,588,2372.44,0
SID1852,47,481,4274.19,0
SID1853,16,318,1706.62,0
SID1854,37,170,4349.55,0
SID1855,20,113,449.79,0
SID1856,6,420,3886.22,1
SID1857,19,244,4239.26,0
SID1858,5,555,917.27,0
SID1859,3,244,2157.43,1
SID1860,1,432,835.84,1
SID1861,38,157,3535.95,0
SID1862,15,506,2681.39,0
SID1863,34,433,3180.26,0
SID1864,35,58,990.47,0
SID1865,49,367,1066.61,0
SID1866,25,390,217.07,0
SID1867,24,598,1617.12,1
SID1868,12,421,2803.13,0
SID1869,18,247,4291.1,1
SID1870,15,231,3337.97,1
SID1871,44,46,2182.63,0
SID1872,16,351,4766.07,0
SID1873,27,547,3599.03,0
SID1874,8,599,4651.52,1
SID1875,46,354,2642.66,0
SID1876,25,441,1301.93,1
SID1877,17,347,273.61,0
SID1878,29,111,3633.16,1
SID1879,8,503,615.3,0
SID1880,15,497,1520.85,0
SID1881,27,454,2667.03,0
SID1882,46,233,2826.44,0
SID1883,7,416,3006.91,0
SID1884,3,127,839.61,1
SID1885,29,374,1904.89,0
SID1886,44,237,3089.8,0
SID1887,24,543,4849.4,0
SID1888,3,195,3640.88,1
SID1889,20,51,4613.79,1
SID1890,46,183,3813.44,0
SID1891,15,468,2962.67,0
SID1892,25,324,968.2,0
SID1893,30,248,3336.76,0
SID1894,14,524,3120.66,0
SID1895,7,259,3016.32,1
SID1896,17,49,2454.03,1
SID1897,44,582,2648.0,1
SID1898,20,177,1678.87,0
SID1899,36,137,2601.37,0
SID1900,9,432,995.8,0
SID1901,38,512,4027.82,0
SID1902,48,396,937.03,0
SID1903,22,443,433.98,0
SID1904,2,338,2186.87,1
SID1905,24,163,3294.95,0
SID1906,8,312,2194.21,1
SID1907,11,102,1391.0,1
SID1908,13,510,2795.27,0
SID1909,17,381,1741.54,0
SID1910,8,589,4665.01,1
SID1911,21,355,4614.0,0
SID1912,18,472,2516.84,0
SID1913,30,129,1646.14,0
SID1914,18,88,3688.29,1
SID1915,46,537,193.2,0
SID1916,47,287,2379.1,1
SID1917,31,442,1688.25,0
SID1918,38,481,4603.47,0
SID1919,32,94,69.9,0
SID1920,11,183,2768.55,1
SID1921,45,295,3705.91,0
SID1922,25,108,2430.24,0
SID1923,33,344,436.16,1
SID1924,38,589,4862.58,0
SID1925,41,277,2594.87,0
SID1926,8,443,3074.79,0
SID1927,11,54,1190.68,1
SID1928,22,313,2422.66,0
SID1929,24,478,2151.46,0
SID1930,41,330,383.73,0
SID1931,17,97,539.74,0
SID1932,12,36,4188.99,1
SID1933,46,166,1206.7,0
SID1934,32,193,982.84,0
SID1935,15,112,2529.51,0
SID1936,16,449,3846.05,0
SID1937,22,102,319.11,0
SID1938,28,266,2888.27,0
SID1939,20,75,604.86,0
SID1940,33,291,191.94,0
SID1941,10,205,273.19,0
SID1942,40,195,4172.48,0
SID1943,32,399,598.68,0
SID1944,33,83,235.31,0
SID1945,2,448,2195.12,1
SID1946,33,536,4221.53,0
SID1947,33,370,1319.42,1
SID1948,41,156,2114.35,0
SID1949,13,438,209.21,0
SID1950,30,396,2250.9,1
SID1951,33,300,2892.29,0
SID1952,13,408,2858.83,0
SID1953,26,102,1668.81,0
SID1954,22,277,1584.51,0
SID1955,39,72,542.05,1
SID1956,2,406,1840.32,0
SID1957,38,70,506.48,0
SID1958,39,199,3835.31,0
SID1959,26,241,4831.71,0
SID1960,46,522,4850.67,0
SID1961,15,68,4326.7,1
SID1962,34,398,3007.95,0
SID1963,42,180,3507.32,0
SID1964,44,140,1433.18,0
SID1965,49,509,3157.54,0
SID1966,40,465,2283.69,0
SID1967,11,76,2415.27,0
SID1968,3,395,3791.31,1
SID1969,6,98,1416.77,1
SID1970,9,328,1597.02,0
SID1971,6,325,4623.96,1
SID1972,9,232,290.56,0
SID1973,39,90,2433.32,0
SID1974,31,343,4564.88,0
SID1975,32,190,3055.71,0
SID1976,41,360,2736.57,1
SID1977,12,557,1256.22,0
SID1978,8,367,1722.94,0
SID1979,8,333,4261.72,1
SID1980,28,532,2800.5,0
SID1981,20,367,2578.56,0
SID1982,47,579,506.9,0
SID1983,7,304,89.98,0
SID1984,11,193,4818.79,1
SID1985,20,472,1891.16,0
SID1986,16,348,3020.03,0
SID1987,4,533,407.78,0
SID1988,6,416,3418.74,1
SID1989,22,523,4663.51,0
SID1990,26,519,2882.57,0
SID1991,3,102,639.32,1
SID1992,41,538,2912.79,0
SID1993,42,419,3834.07,0
SID1994,14,324,2038.02,0
SID1995,11,398,4400.39,0
SID1996,18,578,3246.93,0
SID1997,12,597,4497.25,0
SID1998,23,216,3121.29,0
SID1999,12,474,665.13,0
SID2000,13,599,1555.36,0
